BearID,Sex,Age,Capture Date,Year,Pop,TypicalSummerHabitat,SummerHabitatDuringHairGrowth,Lat,Long,d15N Air,d13C VPDB,Percent N,Percent C
6740,F,3,3/14/1988,1988,CS,NA,NA,NA,NA,20.1,-14.1,17.06,49.16
21167,M,3,4/4/2010,2010,CS,NA,NA,67.5253,-164.9582,20.1,-15.3,14.2,41.2
21636,F,3,4/20/2015,2015,CS,NA,NA,67.3425,-165.0136,20.8,-15.4,13.65,39.62
21053,M,3,4/8/2008,2008,CS,NA,NA,66.941,-165.1566,20.5,-15.2,15.1,42.9
21632,F,3,4/17/2017,2017,CS,NA,NA,66.9586,-165.3972,21.3,-15.9,16.36,47.79
21204,M,3,3/23/2011,2011,CS,NA,NA,67.4116,-165.8026,20.8,-16.1,13.5,39.2
21203,F,3,3/22/2011,2011,CS,NA,NA,67.7556,-165.8661,20.7,-15.6,14.3,41.7
21744,M,3,4/17/2017,2017,CS,NA,NA,67.584,-165.9259,20.2,-15.9,15.1,43.52
21708,M,3,3/25/2017,2017,CS,NA,NA,66.7995,-165.9345,20.3,-16,14.49,41.88
21058,M,3,4/9/2008,2008,CS,NA,NA,67.1635,-165.9726,20,-14.9,14.6,42
21081,M,3,4/12/2009,2009,CS,NA,NA,67.848,-166.0664,20.4,-15.1,14.9,43.7
21074,M,3,4/25/2008,2008,CS,NA,NA,67.9043,-166.0771,20.1,-15.7,15.3,44
21724,M,3,3/31/2017,2017,CS,NA,NA,67.6173,-166.2703,20.7,-15.1,13.79,39.85
21177,M,3,4/16/2010,2010,CS,NA,NA,67.8715,-166.4191,20.3,-15,17.2,48.6
21624,M,3,4/14/2015,2015,CS,NA,NA,67.8185,-166.5327,20.5,-15.2,13.83,39.93
21625,M,3,4/14/2015,2015,CS,NA,NA,67.8417,-166.5676,20.9,-15.7,15.03,43.7
21068,F,3,4/21/2008,2008,CS,NA,NA,67.2442,-166.6199,21.2,-15.2,15.2,43.6
21149,M,3,3/29/2010,2010,CS,NA,NA,66.6537,-166.8729,19.7,-15.6,15.4,43.4
21736,M,3,4/8/2017,2017,CS,NA,NA,66.7841,-166.9495,20.2,-16.9,13.65,39.79
21096,M,3,4/5/2009,2009,CS,NA,NA,67.596,-167.0852,19.9,-15.1,15.8,45.6
21145,M,3,3/20/2010,2010,CS,NA,NA,68.1083,-167.2171,19.9,-14.8,15.6,44.3
21495,M,3,3/28/2011,2011,CS,NA,NA,68.3222,-167.9161,20.6,-15.5,15.6,44.5
21307,F,3,4/13/2014,2014,SB,ice,unknown,,-148.7198,20.1,-16.5,16.52,46.8
20950,M,3,4/30/2006,2006,SB,unknown,unknown,70.1925,-144.0219,20.3,-17.5,16.11,47.17
20845,F,4,10/9/2009,2009,SB,land,land,69.9234,-144.8169,19.7,-16.7,18.94,54.71
6599,F,4,4/10/1989,1989,CS,NA,NA,NA,NA,21.3,-16.4,15.86,45.87
6722,M,4,4/19/1987,1987,CS,NA,NA,NA,NA,20.9,-14.3,14.07,40.99
6723,M,4,4/19/1987,1987,CS,NA,NA,NA,NA,21.6,-14.5,14.88,43.31
6724,F,4,4/20/1987,1987,CS,NA,NA,NA,NA,21.4,-14.3,15.79,46.02
6765,F,4,4/2/1988,1988,CS,NA,NA,NA,NA,21.8,-14.1,15.51,45.02
21054,M,4,4/8/2008,2008,CS,NA,NA,66.941,-165.1566,19.6,-15.8,15.1,42.9
21525,M,4,4/22/2011,2011,CS,NA,NA,67.0552,-165.2271,20.8,-15.3,17.3,49.7
21637,F,4,4/21/2015,2015,CS,NA,NA,67.1856,-165.3009,20.7,-15.9,15.96,46.65
21707,F,4,3/25/2017,2017,CS,NA,NA,67.045,-165.8064,21.7,-17,15.14,43.51
21059,M,4,4/9/2008,2008,CS,NA,NA,67.1635,-165.9726,19.9,-15.1,15.1,43.1
21073,F,4,4/25/2008,2008,CS,NA,NA,67.9043,-166.0771,20.9,-15.7,14.7,42.3
21661,F,4,4/5/2016,2016,CS,NA,NA,67.6118,-166.2185,20.5,-15.3,11.72,34.14
21066,F,4,4/12/2008,2008,CS,NA,NA,66.9407,-166.3815,20.5,-16,16.3,46.7
21710,F,4,3/26/2017,2017,CS,NA,NA,67.5987,-166.4208,21.6,-16.1,15.96,45.78
21527,F,4,4/22/2011,2011,CS,NA,NA,67.1551,-166.5118,21,-15.2,15.4,43.9
21642,F,4,4/25/2015,2015,CS,NA,NA,67.4091,-166.5579,20.7,-15.6,16.37,47.35
6595,F,4,3/29/1987,1987,CS,NA,NA,66.8167,-166.5667,21.1,-14.8,16.14,47.1
21518,M,4,4/20/2011,2011,CS,NA,NA,66.5747,-166.7243,20.4,-15.3,14.9,42.7
21098,F,4,4/5/2009,2009,CS,NA,NA,67.9874,-166.8562,21.2,-15.9,16.7,48.3
21683,M,4,4/13/2016,2016,CS,NA,NA,66.6322,-167.1383,19.5,-14.9,17.87,52.67
21732,M,4,4/4/2017,2017,CS,NA,NA,67.2015,-167.2237,18.8,-15.4,17.6,50.73
21103,M,4,4/12/2009,2009,CS,NA,NA,68.3762,-167.2502,20.8,-14.9,16.1,46.4
21616,M,4,3/28/2017,2017,CS,NA,NA,67.1837,-167.3277,20.2,-15.6,14.95,43.16
21088,F,4,4/2/2009,2009,CS,NA,NA,67.9733,-167.3296,21.2,-16.1,14.8,43.5
21735,F,4,4/4/2017,2017,CS,NA,NA,67.1132,-167.3752,21.2,-15.6,14.2,40.96
21086,M,4,4/1/2009,2009,CS,NA,NA,68.0344,-167.403,21.1,-16.6,18.8,55.2
21093,M,4,4/3/2009,2009,CS,NA,NA,67.5698,-167.4164,20.9,-16.1,15.8,46
21718,F,4,3/27/2017,2017,CS,NA,NA,67.1969,-167.6125,20.1,-16.7,15.17,43.73
21380,F,4,4/14/2015,2015,SB,ice,unknown,70.734,-150.39,21.7,-17.9,12.43,36.05
20807,F,4,10/14/2009,2009,SB,unknown,unknown,NA,NA,19.5,-16.1,17.91,51.74
21404,M,4,4/22/2016,2016,SB,unknown,unknown,,-146.2498,20.3,-17.7,14.56,42.15
6710,F,5,3/31/1987,1987,CS,NA,NA,NA,NA,21.4,-14.6,15.07,44.07
6721,M,5,4/18/1988,1988,CS,NA,NA,NA,NA,21,-14.2,14.43,41.94
6731,M,5,4/7/1988,1988,CS,NA,NA,NA,NA,20.2,-14.1,15.67,45.17
6760,F,5,3/31/1988,1988,CS,NA,NA,NA,NA,20.9,-14.5,17.15,50.36
21526,M,5,4/22/2011,2011,CS,NA,NA,67.0552,-165.2271,20.7,-15.6,16.2,46.1
21614,M,5,4/10/2015,2015,CS,NA,NA,66.6454,-165.5842,21,-15.6,14.77,42.96
6750,F,5,3/19/1988,1988,CS,NA,NA,66.7167,-165.7167,21.2,-14.5,13.97,40.47
21065,M,5,3/17/2010,2010,CS,NA,NA,66.8019,-166.0281,20.4,-15.8,15.4,44.8
21078,F,5,4/26/2008,2008,CS,NA,NA,67.7991,-166.0702,19.6,-15.3,11.3,33.6
21079,M,5,4/26/2008,2008,CS,NA,NA,67.7991,-166.0702,20.1,-15.5,13.9,39.7
6764,F,5,4/2/1988,1988,CS,NA,NA,69.15,-166.1,21.6,-14.6,16.08,46.68
21061,F,5,4/9/2008,2008,CS,NA,NA,67.2514,-166.1725,21,-15.9,15.3,43.3
21538,F,5,4/28/2011,2011,CS,NA,NA,67.3799,-166.2101,20.4,-15.5,15.3,44
21193,F,5,4/27/2010,2010,CS,NA,NA,67.9721,-166.3382,20.5,-14.9,14.4,41
21721,M,5,3/30/2017,2017,CS,NA,NA,67.9722,-166.582,21.2,-16.2,14.16,40.66
21523,M,5,4/5/2016,2016,CS,NA,NA,67.8171,-166.7493,21.2,-15.6,15.54,45.42
21641,M,5,4/25/2015,2015,CS,NA,NA,67.5863,-166.8379,19.7,-15.3,12.59,36.45
21692,F,5,4/15/2016,2016,CS,NA,NA,67.0708,-166.8612,21.5,-16.1,14.3,41.55
21089,F,5,4/2/2009,2009,CS,NA,NA,68.045,-167.0538,20.7,-15.6,14.4,43.2
21097,M,5,4/5/2009,2009,CS,NA,NA,68.1102,-167.0844,20.1,-14.7,16,46.2
21619,M,5,4/12/2015,2015,CS,NA,NA,67.7709,-167.1377,20.5,-15.7,14.07,40.69
21162,F,5,4/2/2010,2010,CS,NA,NA,67.8782,-167.2109,20.2,-16.1,14.9,43.3
21103,M,5,3/30/2010,2010,CS,NA,NA,67.9086,-167.3345,21.2,-16.1,14.6,42.5
21170,M,5,4/9/2010,2010,CS,NA,NA,67.9149,-167.3499,20.7,-15.9,14.6,41.9
21158,F,5,3/30/2010,2010,CS,NA,NA,68.4512,-167.4168,20.6,-15.9,15.4,43.7
21733,M,5,4/4/2017,2017,CS,NA,NA,67.1053,-167.5279,20.7,-16,14.74,42.8
21121,M,5,5/1/2009,2009,CS,NA,NA,68.0584,-167.6215,20.4,-16,14.9,44.2
21645,M,5,4/28/2015,2015,CS,NA,NA,68.0766,-167.7243,20.2,-15.5,15.06,43.43
20586,F,5,4/17/2005,2005,SB,ice,unknown,70.3134,-147.9887,20.1,-16.6,16.75,48.77
6545,F,5,4/24/1987,1987,SB,ice,unknown,71.05,-157.55,22.7,-15.6,17.78,52.49
21264,F,5,4/24/2011,2011,SB,land,unknown,70.5157,-147.8254,20.3,-17.1,14.86,42.94
6376,F,5,3/27/1985,1985,SB,unknown,unknown,70.4,-140.33,21.8,-16.9,15.34,48.83
6760,F,5,10/17/1988,1988,SB,unknown,unknown,70.4667,-143.2,21,-14.9,17.09,50.3
6603,F,5,4/18/1988,1988,SB,unknown,unknown,70.3667,-143.25,21.8,-15.9,14.55,42.26
20734,M,5,5/4/2007,2007,SB,unknown,unknown,70.2436,-143.3533,19.2,-17.2,15.96,45.88
6379,F,5,3/30/1985,1985,SB,unknown,unknown,70.75,-145.95,22.4,-16.6,15.38,44.48
21376,F,5,4/11/2014,2014,SB,unknown,unknown,71.0003,-146.2912,21.3,-17,14.31,41.5
22305,F,5,4/17/2015,2015,SB,unknown,unknown,,-146.6106,20.6,-17.5,15.48,44.39
21347,F,5,4/16/2013,2013,SB,unknown,unknown,,-146.6219,20.1,-17.5,14.98,42.44
21214,F,5,4/17/2015,2015,SB,unknown,unknown,70.3308,-146.6789,20.6,-17.5,14.7,42.3
21344,M,5,4/13/2013,2013,SB,unknown,unknown,70.9684,-146.8871,19.8,-17.9,16.45,47.38
22309,F,5,4/23/2015,2015,SB,unknown,unknown,70.3643,-147.0432,20.9,-17.8,15.59,45.09
6638,F,5,10/24/1988,1988,SB,unknown,unknown,70.4,-147.2333,21.3,-14.6,14.11,41.15
20865,F,5,5/9/2006,2006,SB,unknown,unknown,70.532,-147.2488,19.6,-15.3,17.05,49.67
20851,M,5,4/20/2006,2006,SB,unknown,unknown,70.802,-147.5078,21.1,-17.2,14.45,41.69
20813,M,5,4/24/2005,2005,SB,unknown,unknown,70.4855,-147.5169,21.2,-15.5,16.01,46.18
6287,M,5,10/25/1983,1983,SB,unknown,unknown,70.5667,-147.5333,22.5,-14.8,14.73,42.5
6640,F,5,10/25/1988,1988,SB,unknown,unknown,70.4,-147.5667,20.9,-15,15.36,44.91
21249,F,5,4/17/2015,2015,SB,unknown,unknown,70.5151,-147.7791,20.4,-17.1,15.37,43.4
20947,M,5,10/11/2009,2009,SB,unknown,unknown,70.4918,-147.9788,19.5,-16.7,13.09,37.59
6071,M,5,10/20/1983,1983,SB,unknown,unknown,70.8167,-148.25,21.4,-14.6,15.11,44.03
6250,M,5,4/22/1983,1983,SB,unknown,unknown,70.8833,-149.1,21.5,-15.5,14.28,41.77
21260,M,5,4/14/2014,2014,SB,unknown,unknown,,-149.1057,20.4,-18.1,13.97,40.66
32255,F,5,8/10/2009,2009,SB,unknown,unknown,70.5305,-149.252,19.8,-17,16.32,47.08
21028,M,5,4/6/2014,2014,SB,unknown,unknown,,-149.3902,19.7,-18.4,13.94,41.03
20947,M,5,8/10/2009,2009,SB,unknown,unknown,70.5558,-149.5878,20,-17.2,15.54,45.34
21384,F,5,4/15/2014,2014,SB,unknown,unknown,,-152.5588,21,-17.8,14.19,41.26
20696,F,5,4/8/2004,2004,SB,unknown,unknown,71.6755,-154.1816,21.3,-15.3,13.17,38.4
21274,M,5,3/29/2013,2013,SB,unknown,unknown,71.4812,-155.443,20.6,-16.6,15.41,44.19
21274,M,5,4/4/2015,2015,SB,unknown,unknown,71.5756,-156.1176,20.9,-16.7,14.76,42.64
20776,F,5,4/13/2008,2008,SB,unknown,unknown,71.4133,-156.1208,20.7,-16.3,11.32,32.69
6289,M,5,3/24/1984,1984,SB,unknown,unknown,71.6333,-157.75,21.5,-15.3,15.62,44.52
20965,M,5,8/24/2008,2008,SB,land,land,70.1933,-146.0366,20.1,-18.1,19.09,55.93
6760,F,6,4/3/1989,1989,CS,NA,NA,NA,NA,21.1,-14.1,14.73,42.88
6389,F,6,4/23/1987,1987,CS,NA,NA,70.75,-164.6167,22.1,-16,14.29,41.79
21206,F,6,4/25/2016,2016,CS,NA,NA,67.5717,-165.0088,21.2,-16.1,13.25,38.49
21135,M,6,3/17/2010,2010,CS,NA,NA,66.8552,-165.4207,20.5,-15.9,15.3,44.4
6749,F,6,3/19/1988,1988,CS,NA,NA,66.5833,-165.5167,20.6,-14.1,14.45,42.31
21513,M,6,4/20/2015,2015,CS,NA,NA,67.2434,-165.7834,20.2,-15.6,13.09,38.15
21522,F,6,4/21/2011,2011,CS,NA,NA,67.1724,-165.7836,20.7,-15.5,15.3,43.4
21598,F,6,3/25/2015,2015,CS,NA,NA,67.8303,-166.1394,20.2,-14.9,15.59,45.18
21502,F,6,4/21/2015,2015,CS,NA,NA,67.0612,-166.1655,21.2,-15.2,13.78,40.29
21617,F,6,4/12/2015,2015,CS,NA,NA,67.5179,-166.1725,20.1,-14.8,17.96,52.17
21737,M,6,4/13/2017,2017,CS,NA,NA,67.5664,-166.2989,21.4,-15.9,14.98,43.71
21633,F,6,4/17/2015,2015,CS,NA,NA,66.9173,-166.3201,19.7,-14.9,14.98,43.34
21142,M,6,3/19/2010,2010,CS,NA,NA,67.8525,-166.754,19.9,-15,15.2,43.2
21091,F,6,4/3/2009,2009,CS,NA,NA,67.8367,-166.9271,20.6,-15.3,15.8,45.8
21085,M,6,4/1/2009,2009,CS,NA,NA,67.8776,-167.0104,20.6,-15.6,14.6,43.3
21181,M,6,4/17/2015,2015,CS,NA,NA,68.9127,-167.1229,20.8,-15.6,12.84,36.79
21734,M,6,4/4/2017,2017,CS,NA,NA,67.0817,-167.2725,20.4,-15.6,16.31,47.45
20986,M,6,4/2/2010,2010,CS,NA,NA,68.0555,-167.5691,20.7,-16,15.3,43.7
21121,M,6,4/24/2010,2010,CS,NA,NA,68.0584,-167.6215,19.8,-14.8,15.3,43.3
21612,M,6,4/5/2015,2015,CS,NA,NA,67.9573,-168.1298,20.6,-15.6,16.42,48.08
6759,F,6,3/31/1988,1988,CS,NA,NA,68.7333,-168.2,21.1,-14.5,15.21,44.32
21299,F,6,4/5/2012,2012,SB,ice,unknown,70.3988,-142.8249,21.5,-17.5,15.12,44.44
20694,F,6,4/6/2004,2004,SB,ice,unknown,71.2355,-154.4681,21.6,-16.2,18.81,54.4
21256,M,6,4/26/2013,2013,SB,unknown,unknown,,-142.0203,20.9,-17.1,14.77,42.92
20909,M,6,5/8/2007,2007,SB,unknown,unknown,70.2365,-142.3358,21.7,-17.4,14.77,42.45
6204,F,6,11/5/1983,1983,SB,unknown,unknown,70.0238,-142.6758,21.5,-15.6,14.16,40.98
6384,F,6,4/3/1985,1985,SB,unknown,unknown,70.3167,-143.25,22.2,-16.7,17.39,50.49
32282,F,6,10/10/2008,2008,SB,unknown,unknown,70.1324,-143.2855,19,-17.5,17.48,51.59
20983,M,6,4/26/2014,2014,SB,unknown,unknown,,-144.1631,19.8,-17.3,16.41,46.87
6378,M,6,3/30/1985,1985,SB,unknown,unknown,70.7,-145.7833,21.2,-15.8,16.81,48.38
21403,F,6,4/22/2016,2016,SB,unknown,unknown,70.7253,-146.0833,20.4,-17.9,13.48,39.36
6230,M,6,5/7/1984,1984,SB,unknown,unknown,70.4667,-146.3667,21.2,-15.3,16.87,48.37
6629,F,6,10/19/1988,1988,SB,unknown,unknown,70.2,-146.5,21,-16,15.57,45.54
32282,F,6,8/25/2008,2008,SB,unknown,unknown,70.1829,-146.5033,21.3,-15.7,16.15,46.82
6086,F,6,4/16/1983,1983,SB,unknown,unknown,70.7167,-146.5167,23,-16.6,17.18,48.03
21254,M,6,4/12/2011,2011,SB,unknown,unknown,70.5153,-146.6442,21.2,-16.8,15.92,46.23
21374,F,6,4/10/2014,2014,SB,unknown,unknown,70.5166,-146.7975,20.7,-18.1,15.42,44.71
6088,F,6,4/17/1983,1983,SB,unknown,unknown,70.4667,-147.1333,21.3,-16.3,15.18,43.84
20656,F,6,4/20/2006,2006,SB,unknown,unknown,70.8188,-147.6083,20.6,-16.7,15.05,43.64
6336,F,6,10/22/1988,1988,SB,unknown,unknown,70.4667,-147.6333,22,-15.5,14.61,42.93
22305,F,6,4/9/2016,2016,SB,unknown,unknown,70.7305,-147.7234,20.4,-17.5,18.91,54.79
20972,M,6,4/8/2014,2014,SB,unknown,unknown,,-147.9662,19.7,-17.6,15.47,44.55
20156,M,6,4/29/2006,2006,SB,unknown,unknown,70.82,-148.2869,20.1,-17.2,16.01,46.19
21153,M,6,4/11/2015,2015,SB,unknown,unknown,,-148.5821,22,-17.4,16.52,47.54
6218,F,6,10/28/1984,1984,SB,unknown,unknown,70.9833,-149.0667,21.5,-15.8,14.08,40.57
21235,M,6,3/28/2011,2011,SB,unknown,unknown,71.3852,-154.4112,20.9,-16.3,13,37.71
6716,F,7,4/17/1987,1987,CS,NA,NA,NA,NA,21.8,-15,18.07,52.45
6741,F,7,3/14/1988,1988,CS,NA,NA,63.6833,168.5167,21.4,-14.8,15.5,45.3
21109,F,7,4/17/2009,2009,CS,NA,NA,67.6909,-165.4754,21.9,-16.5,15.8,45.5
21054,M,7,4/14/2011,2011,CS,NA,NA,66.5398,-165.5291,19.8,-14.6,15.3,43.6
21120,F,7,4/30/2009,2009,CS,NA,NA,67.5877,-165.5358,20,-15.5,15.3,44.8
21608,M,7,4/2/2015,2015,CS,NA,NA,67.7117,-165.7281,20.8,-15.4,14.74,42.87
20116,F,7,3/27/2008,2008,CS,NA,NA,68.0295,-165.7898,20.6,-16.7,14.6,41
21609,F,7,4/3/2015,2015,CS,NA,NA,66.9181,-165.8623,20.8,-15.1,14.8,43.25
21069,M,7,4/22/2008,2008,CS,NA,NA,67.7445,-166.3719,21.3,-14.9,15,43.2
21186,M,7,4/20/2010,2010,CS,NA,NA,67.4239,-166.5114,19.9,-15.5,15.3,42.5
21536,M,7,4/27/2011,2011,CS,NA,NA,67.2444,-166.6524,20.1,-14.8,15.4,44.3
21676,M,7,4/10/2016,2016,CS,NA,NA,67.406,-166.6951,21,-16.1,14.82,43.47
21694,M,7,4/16/2016,2016,CS,NA,NA,67.7913,-167.5278,21.1,-14.9,15.17,44.14
6757,F,7,3/28/1988,1988,CS,NA,NA,69.3,-168.2333,21.5,-14.7,13.95,40.2
6738,F,7,3/14/1988,1988,CS,NA,NA,63.2,-168.5333,21.2,-14.3,13.58,39.44
6743,F,7,3/15/1988,1988,CS,NA,NA,63.8667,-170.5,21.1,-14.3,16.11,47.32
21351,F,7,4/18/2013,2013,SB,ice,unknown,70.9483,-149.95,21,-17.2,13.12,37.67
22314,F,7,3/27/2016,2016,SB,ice,unknown,71.4961,-153.316,21,-17.3,15.92,46.48
20741,F,7,10/26/2008,2008,SB,unknown,unknown,69.74,-141.1814,22,-14.5,15.07,44.18
6204,F,7,4/8/1984,1984,SB,unknown,unknown,70.1833,-142.4833,21.3,-15.7,15.98,46.29
20753,M,7,4/13/2010,2010,SB,unknown,unknown,70.3704,-142.7076,19,-16.7,14.58,42.08
20518,F,7,5/10/2007,2007,SB,unknown,unknown,70.2575,-143.1948,20.6,-17,14.22,41.08
20819,M,7,4/8/2012,2012,SB,unknown,unknown,70.6689,-143.5727,20.1,-16.8,17.67,50
20540,M,7,4/30/2008,2008,SB,unknown,unknown,70.2206,-143.9345,21.1,-16.4,14.78,42.45
20195,M,7,4/17/2009,2009,SB,unknown,unknown,70.3106,-143.9592,20.8,-17.2,13.57,39.6
6394,F,7,4/23/1985,1985,SB,unknown,unknown,70.2667,-144.0833,22,-16.3,15.51,44.71
6524,F,7,4/13/1988,1988,SB,unknown,unknown,70.05,-144.0833,21.1,-16.1,14.2,41.5
32255,F,7,4/7/2011,2011,SB,unknown,unknown,70.265,-144.4051,19.3,-17.6,15.9,46.68
20965,M,7,4/19/2010,2010,SB,unknown,unknown,70.252,-145.7283,20.9,-17.1,16,45.83
20969,M,7,4/28/2014,2014,SB,unknown,unknown,70.1778,-145.9515,19.7,-17,14.87,42.91
6091,F,7,4/19/1983,1983,SB,unknown,unknown,70.5,-146.5,21.6,-14.5,14.21,40.51
6624,F,7,10/18/1988,1988,SB,unknown,unknown,70.6667,-146.55,21.2,-14.6,17.15,49.74
6301,M,7,11/1/1983,1983,SB,unknown,unknown,70.9333,-146.7333,21.3,-14.1,15.83,45.9
21269,M,7,4/26/2012,2012,SB,unknown,unknown,70.4988,-147.3504,21.8,-16.5,14.97,43.93
6551,F,7,3/23/1988,1988,SB,unknown,unknown,71.1667,-147.8333,21.5,-15.5,15.7,45.3
20802,M,7,4/17/2005,2005,SB,unknown,unknown,70.889,-147.8691,20.7,-16.4,16.2,47.21
20110,M,7,4/24/2008,2008,SB,unknown,unknown,70.5428,-147.9224,20.1,-16.2,14.66,42.77
6657,F,7,10/29/1988,1988,SB,unknown,unknown,70.6167,-147.9333,22.5,-19.7,14.53,41.78
20553,M,7,4/25/2006,2006,SB,unknown,unknown,70.8645,-148.9415,20.9,-17.1,15.27,44.2
32792,F,7,8/17/2009,2009,SB,unknown,unknown,70.8677,-152.5349,20.7,-17.2,15.71,45.97
20741,F,7,8/23/2008,2008,SB,unknown,unknown,70.8768,-152.5621,20.6,-17.2,14.9,43.38
20132,F,7,8/18/2008,2008,SB,unknown,unknown,70.8703,-152.5698,20.1,-17.4,13.04,37.88
22316,F,7,3/29/2016,2016,SB,unknown,unknown,71.4635,-154.1153,21.1,-16.6,18.46,54.13
20880,M,7,4/5/2007,2007,SB,unknown,unknown,71.9712,-155.4386,19.5,-16.8,15.75,45.84
21228,M,7,3/25/2011,2011,SB,unknown,unknown,71.5882,-156.4806,21.1,-16.2,14.64,42.34
6358,M,7,4/24/1987,1987,SB,unknown,unknown,71.05,-157.55,20.9,-15,14.42,41.75
6718,F,8,4/18/1987,1987,CS,NA,NA,NA,NA,21.2,-14.8,14.76,42.67
6756,F,8,3/28/1988,1988,CS,NA,NA,NA,NA,21.2,-14.5,13.8,40.08
6744,F,8,3/18/1988,1988,CS,NA,NA,66.75,-163.8667,20.6,-14.4,14.77,43.28
21507,M,8,4/14/2011,2011,CS,NA,NA,66.5983,-165.2702,20.4,-14.9,15.1,43.1
21530,M,8,4/24/2011,2011,CS,NA,NA,67.3711,-165.6397,21,-15.2,15.2,43.2
21052,F,8,3/29/2008,2008,CS,NA,NA,68.9914,-166.0419,20.8,-15.8,15.6,44.4
21186,M,8,4/17/2011,2011,CS,NA,NA,67.0159,-166.239,21,-15.8,15.1,43.8
21063,M,8,4/24/2015,2015,CS,NA,NA,67.281,-166.365,20.4,-15.1,13.31,38.68
21608,M,8,4/7/2016,2016,CS,NA,NA,67.0996,-166.4566,19.6,-15.3,13.32,38.78
21109,F,8,3/20/2010,2010,CS,NA,NA,67.9399,-166.4681,21.3,-16.3,15.3,43.8
21102,F,8,4/12/2009,2009,CS,NA,NA,67.761,-166.556,20,-15.5,15.6,45.2
21076,M,8,4/26/2008,2008,CS,NA,NA,67.8957,-166.8762,20.8,-15.4,16,45.9
21087,M,8,4/1/2009,2009,CS,NA,NA,67.9551,-166.9837,20.2,-15.2,14.7,43.4
21143,F,8,3/19/2010,2010,CS,NA,NA,68.0459,-167.0154,20.4,-14.7,15.3,43.3
21611,M,8,4/5/2015,2015,CS,NA,NA,67.9464,-167.0457,20.4,-15.8,14.66,42.5
21171,F,8,4/9/2010,2010,CS,NA,NA,67.8402,-167.3387,20.2,-15.5,15.4,43.3
21639,M,8,4/24/2015,2015,CS,NA,NA,67.6662,-167.3983,20.4,-15.2,15.22,44.63
21116,M,8,4/19/2009,2009,CS,NA,NA,68.4821,-168.0318,20.8,-15.4,15.9,46.2
6627,F,8,10/18/1988,1988,SB,ice,unknown,70.8333,-149.4,21.4,-15.9,17.09,49.73
20534,F,8,4/16/2008,2008,SB,ice,unknown,70.6661,-149.5969,21.7,-16.7,14.38,41.95
32340,F,8,9/16/2010,2010,SB,unknown,unknown,69.8371,-142.0822,19.9,-17.2,13.36,38.57
6229,F,8,11/9/1988,1988,SB,unknown,unknown,70.1333,-142.2333,21,-17,14.06,40.9
20899,M,8,4/13/2009,2009,SB,unknown,unknown,70.1982,-142.3874,20.2,-17.6,15.29,44.36
4433,M,8,4/6/1985,1985,SB,unknown,unknown,70.2167,-143.1,21.5,-15.7,16.28,47.25
6602,M,8,4/18/1988,1988,SB,unknown,unknown,70.4,-143.25,21.8,-15.6,15.75,45.72
10439,F,8,4/18/1988,1988,SB,unknown,unknown,70.7333,-144.5333,20.8,-16.6,14.29,41.39
6222,F,8,4/24/1983,1983,SB,unknown,unknown,70.3667,-144.7167,21.6,-16.9,14.74,42.86
20195,M,8,4/11/2010,2010,SB,unknown,unknown,70.4363,-144.7308,20.8,-16.6,16.08,46.31
20807,F,8,4/23/2013,2013,SB,unknown,unknown,,-144.9725,20.5,-17.1,16.02,46.62
20424,M,8,4/21/2004,2004,SB,unknown,unknown,70.5238,-145.6248,20.4,-16.5,16.32,47.17
6073,M,8,10/21/1983,1983,SB,unknown,unknown,71.1167,-146.3333,20.4,-13.5,14.61,42.41
20595,M,8,4/20/2004,2004,SB,unknown,unknown,70.6126,-146.5183,19.8,-16.3,15.68,45.15
6084,F,8,4/13/1983,1983,SB,unknown,unknown,70.6167,-146.95,22.8,-16,11.93,34.33
20971,F,8,4/1/2016,2016,SB,unknown,unknown,70.6688,-147.0817,19.9,-17.3,15.13,43.89
20802,M,8,4/13/2006,2006,SB,unknown,unknown,70.4264,-147.2688,18.7,-16.4,17.43,50.39
20586,F,8,10/19/2008,2008,SB,unknown,unknown,70.4892,-147.9757,19.3,-17.2,14.24,40.76
21340,F,8,4/15/2015,2015,SB,unknown,unknown,,-148.0147,21.9,-17.2,14.49,41.37
20132,F,8,4/28/2009,2009,SB,unknown,unknown,70.5276,-148.0467,20.7,-17.6,17.65,51.95
20586,F,8,8/22/2008,2008,SB,unknown,unknown,70.3891,-148.7182,20.1,-17.2,13.77,39.76
20751,M,8,4/30/2006,2006,SB,unknown,unknown,70.9835,-148.9709,19.4,-16.9,12.63,36.24
20858,F,8,5/1/2006,2006,SB,unknown,unknown,70.776,-149.1329,20.7,-16.7,18.55,53.38
9851,M,8,5/6/1988,1988,SB,unknown,unknown,71.1167,-149.9333,22.1,-15,16.04,46.75
6645,F,8,10/26/1988,1988,SB,unknown,unknown,71.0333,-152.55,21.3,-15.1,15.42,45.91
20929,F,8,4/12/2008,2008,SB,unknown,unknown,71.076,-153.9028,21.1,-16.8,17.75,51.77
21015,F,8,4/18/2010,2010,SB,land,land,69.6803,-139.791,20.4,-16.4,15.24,44.5
21045,F,8,10/12/2009,2009,SB,land,land,72.9844,-154.7704,20.4,-17.2,12.61,36.58
20492,F,9,8/15/2008,2008,SB,land,land,70.1778,-145.9515,19.3,-17.7,13.47,38.9
20586,F,9,10/9/2009,2009,SB,land,land,70.1434,-146.0026,20.3,-16.9,13.2,38.25
6718,F,9,3/30/1988,1988,CS,NA,NA,NA,NA,21.1,-14.8,15.79,46.12
6728,F,9,4/7/1988,1988,CS,NA,NA,NA,NA,20.7,-14.2,15.98,46.75
6756,F,9,4/7/1989,1989,CS,NA,NA,NA,NA,21.6,-14.8,17.05,49.94
6756,F,9,4/7/1989,1989,CS,NA,NA,70.8667,-154,21.7,-14.6,14.82,42.99
21669,F,9,4/7/2016,2016,CS,NA,NA,67.2416,-165.7575,20,-15.4,13.84,40.4
21057,F,9,3/17/2010,2010,CS,NA,NA,67.0385,-165.8695,20.7,-15.3,15.1,43.2
21500,F,9,4/6/2011,2011,CS,NA,NA,67.0612,-166.1655,20.3,-15.2,14.5,41.8
21189,M,9,4/24/2010,2010,CS,NA,NA,68.1113,-166.8555,20.1,-15.1,15.3,43.9
21677,M,9,4/12/2016,2016,CS,NA,NA,66.7081,-166.9778,20.2,-15.4,14.07,41.05
21720,F,9,3/28/2017,2017,CS,NA,NA,67.2643,-167.4875,20.8,-15.9,17.86,52.03
21094,M,9,4/4/2009,2009,CS,NA,NA,67.5906,-167.6595,20.7,-14.9,15.7,45.4
21644,M,9,4/27/2015,2015,CS,NA,NA,67.6718,-167.692,19.4,-15.1,15.84,46.31
6754,F,9,3/25/1988,1988,CS,NA,NA,,,20.7,-14.5,15.06,43.55
20479,F,9,4/28/2008,2008,SB,ice,unknown,70.4347,-146.6493,21,-16.7,13.37,39.31
20740,M,9,4/26/2004,2004,SB,unknown,unknown,70.2315,-142.3564,20.7,-16.8,16.44,46.51
20132,F,9,4/22/2010,2010,SB,unknown,unknown,70.1986,-142.5339,19.9,-16.9,15.32,44.33
20571,M,9,4/25/2004,2004,SB,unknown,unknown,70.386,-143.2539,19.6,-17,19.57,56.62
20915,F,9,4/18/2009,2009,SB,unknown,unknown,70.1997,-143.8894,19.4,-17.3,14.56,41.81
6664,F,9,11/1/1988,1988,SB,unknown,unknown,70.25,-144.0833,21.3,-16.4,16.12,46.26
6166,M,9,5/4/1988,1988,SB,unknown,unknown,70.05,-144.25,21.3,-15.9,13.95,40.36
20580,M,9,4/17/2009,2009,SB,unknown,unknown,70.2022,-144.2941,19.7,-17.1,14.1,41.13
20849,M,9,4/19/2006,2006,SB,unknown,unknown,70.5696,-145.8476,20.8,-16.4,13.5,38.62
6087,M,9,4/16/1983,1983,SB,unknown,unknown,70.7167,-146.5167,21.5,-15.8,15.28,44.96
6428,M,9,11/2/1985,1985,SB,unknown,unknown,70.8167,-146.7,21.1,-15.8,13.56,38.92
1920,F,9,10/25/1983,1983,SB,unknown,unknown,70.8,-147.3,21.1,-15.1,14.18,41.44
21015,F,9,4/24/2011,2011,SB,unknown,unknown,70.4839,-147.6494,19.7,-17,14.92,43.22
6633,F,9,10/22/1988,1988,SB,unknown,unknown,70.5333,-147.8,21.1,-16.3,14.12,41.21
32923,F,9,4/25/2010,2010,SB,unknown,unknown,71.0352,-148.6862,21.4,-17.3,14.87,42.93
32257,F,9,4/23/2008,2008,SB,unknown,unknown,70.9215,-149.7895,21.3,-16.2,15.27,44.33
6648,F,9,10/26/1988,1988,SB,unknown,unknown,71.0833,-152.55,21.5,-16.3,15.55,44.83
6323,F,9,3/27/1984,1984,SB,unknown,unknown,71.6333,-154.6,21.3,-15,13.49,39.28
32777,F,10,10/19/2009,2009,SB,ice,ice,72.3564,-132.5857,21,-17,13.44,38.7
20586,F,10,4/14/2010,2010,SB,land,land,70.0784,-145.1953,20.7,-16.9,14.34,41.24
32257,F,10,4/29/2009,2009,SB,land,land,71.0793,-151.2083,20.8,-17,15.01,43.27
20493,F,10,8/18/2009,2009,SB,land,land,71.0117,-154.6095,20,-17.8,14.52,42.89
6754,F,10,4/5/1989,1989,CS,NA,NA,NA,NA,21.1,-14.2,15.87,45.71
21688,F,10,4/14/2016,2016,CS,NA,NA,67.5238,-165.378,20.1,-15.9,13.04,38.31
21190,F,10,4/26/2010,2010,CS,NA,NA,67.801,-165.4424,19.9,-15,16.9,48.7
21207,F,10,3/24/2011,2011,CS,NA,NA,67.6933,-166.1435,20.3,-15.2,15.1,43.4
21685,F,10,4/14/2016,2016,CS,NA,NA,67.291,-166.4001,20.9,-15.7,13.04,38.03
21725,F,10,3/31/2017,2017,CS,NA,NA,67.5912,-166.8843,20.1,-16.4,15.62,45.3
21090,M,10,4/2/2009,2009,CS,NA,NA,68.045,-167.0538,20.6,-16.1,15.7,45.3
21070,M,10,4/22/2008,2008,CS,NA,NA,67.9225,-167.2924,20.9,-14.8,15.3,42.8
21164,F,10,4/3/2010,2010,CS,NA,NA,67.9876,-167.6197,20.2,-15.3,15,42.7
6594,F,10,3/25/1987,1987,CS,NA,NA,66.2,-167.8833,20.5,-14.4,14.91,43.47
20520,F,10,4/17/2010,2010,SB,ice,unknown,70.5217,-142.3786,20.9,-16.1,14.78,42.67
20418,F,10,4/13/2004,2004,SB,ice,unknown,70.5761,-146.9043,20.1,-16.4,16.22,46.15
20230,F,10,4/14/2004,2004,SB,ice,unknown,70.8005,-146.9373,21,-17,14.88,43.56
20479,F,10,4/27/2009,2009,SB,ice,unknown,70.5437,-148.0062,21,-17,17.22,49.88
6106,F,10,4/10/1989,1989,SB,ice,unknown,70.6833,-148.4833,21.5,-15.3,15.17,43.49
6212,F,10,4/8/1984,1984,SB,unknown,unknown,70.3833,-140.3667,21.2,-15.5,15.44,44.54
32260,M,10,4/9/2009,2009,SB,unknown,unknown,69.8831,-140.9434,20.3,-17.7,15.69,45.02
20457,M,10,4/8/2009,2009,SB,unknown,unknown,69.827,-141.0473,20.2,-17.7,16.45,47.51
32227,F,10,4/15/2010,2010,SB,unknown,unknown,70.0879,-141.2415,20.6,-17.3,15.49,44.02
20486,M,10,4/27/2004,2004,SB,unknown,unknown,70.5487,-142.5592,21,-16.8,16.66,47.34
20742,M,10,4/27/2004,2004,SB,unknown,unknown,70.5051,-142.5611,22,-16.5,16.48,47.79
20218,M,10,4/29/2005,2005,SB,unknown,unknown,70.592,-142.797,21.5,-16.8,17.42,51.14
21024,F,10,4/19/2013,2013,SB,unknown,unknown,,-142.9528,19.6,-16.2,14.5,41.84
6067,F,10,10/4/1983,1983,SB,unknown,unknown,70.3667,-143.0167,21.7,-15,16.88,49.13
20913,M,10,5/10/2007,2007,SB,unknown,unknown,70.2403,-143.0452,20.5,-16.8,17.58,50.79
20966,F,10,10/20/2008,2008,SB,unknown,unknown,70.1525,-143.4358,19.7,-17.6,15.28,44.22
21075,M,10,4/4/2012,2012,SB,unknown,unknown,70.2174,-143.5376,20.4,-16.6,20.43,58.78
21015,F,10,4/7/2012,2012,SB,unknown,unknown,70.3986,-143.6401,19.8,-16.8,16.18,47.25
6434,F,10,11/6/1985,1985,SB,unknown,unknown,70.6333,-144.0833,21.2,-16,16.4,47.72
20935,M,10,4/7/2011,2011,SB,unknown,unknown,70.275,-144.5285,21.8,-16.4,15.8,45.83
20539,M,10,4/23/2004,2004,SB,unknown,unknown,70.8126,-144.899,20.8,-16.5,16.28,46.83
20966,F,10,8/10/2008,2008,SB,unknown,unknown,70.1877,-146.0055,20,-17.6,13.71,39.91
6080,M,10,10/23/1983,1983,SB,unknown,unknown,70.65,-146.3333,21.7,-13.6,17.48,50.35
32921,F,10,4/22/2016,2016,SB,unknown,unknown,70.7493,-146.7516,19.9,-17.9,15.25,43.8
20751,M,10,8/22/2008,2008,SB,unknown,unknown,70.166,-146.8332,20.6,-17.3,14.93,43.78
6404,F,10,5/2/1985,1985,SB,unknown,unknown,70.3333,-147.2833,22.2,-16,15.21,45.1
21032,M,10,4/26/2012,2012,SB,unknown,unknown,70.5881,-147.6528,20.2,-16.6,14.93,42.86
20801,M,10,4/17/2005,2005,SB,unknown,unknown,70.8901,-147.8828,20.7,-16.4,13.38,39.09
6365,F,10,3/25/1988,1988,SB,unknown,unknown,70.7167,-148.3,20.8,-15.7,14.4,41.51
20125,M,10,4/25/2010,2010,SB,unknown,unknown,71.0352,-148.6862,20.6,-16.8,16.05,46.26
32261,M,10,4/26/2008,2008,SB,unknown,unknown,70.9111,-151.6563,20.9,-16.8,20.74,60.39
1871,F,10,3/28/1984,1984,SB,unknown,unknown,71.5667,-155.4167,21,-15,15.77,45.86
21231,M,10,3/23/2011,2011,SB,unknown,unknown,71.3845,-155.5743,20.6,-15.7,14.79,42.26
6319,M,10,3/24/1984,1984,SB,unknown,unknown,71.4833,-157.0333,22,-15.5,13.78,40.03
20413,F,11,4/28/2008,2008,SB,land,land,70.3771,-146.845,20.6,-16.8,16.77,48.64
20413,F,11,10/9/2008,2008,SB,land,land,70.2194,-147.1775,19.3,-17.1,15.05,43.32
6766,F,11,4/5/1988,1988,CS,NA,NA,NA,NA,21.1,-14.8,16.18,47.18
21194,F,11,4/29/2010,2010,CS,NA,NA,67.8062,-165.508,19.9,-15.2,15.3,43.3
21618,M,11,4/12/2015,2015,CS,NA,NA,67.4833,-166.1984,20.9,-15.4,13.98,40.49
6747,F,11,3/18/1988,1988,CS,NA,NA,66.5667,-166.25,21.4,-14.8,14.81,43.13
21099,M,11,4/6/2009,2009,CS,NA,NA,68.0437,-166.3526,20.3,-14.9,15.9,46.6
21117,F,11,4/21/2009,2009,CS,NA,NA,67.8605,-166.4745,20.9,-16,14.1,42
21534,M,11,4/27/2011,2011,CS,NA,NA,67.4011,-166.6877,20.7,-15,15.7,45.2
21180,F,11,4/18/2010,2010,CS,NA,NA,68.9127,-167.1229,20.2,-15.2,14.7,42.4
21179,M,11,4/16/2010,2010,CS,NA,NA,67.7619,-167.2495,21.1,-15.2,15.2,43.6
21698,F,11,4/20/2016,2016,CS,NA,NA,67.3374,-167.4285,21.2,-16.3,13.26,38.67
21159,F,11,3/31/2010,2010,CS,NA,NA,68.13,-167.5376,20.6,-16.1,15.3,43.8
21168,M,11,4/4/2010,2010,CS,NA,NA,67.8946,-167.7502,20.5,-15.4,15,42.4
21716,F,11,3/27/2017,2017,CS,NA,NA,67.0889,-167.8068,19.7,-16.2,16.58,48.5
6096,M,11,4/29/1983,1983,SB,unknown,unknown,69.9333,-140.85,21.9,-16.7,16.57,47.6
6096,M,11,4/30/1983,1983,SB,unknown,unknown,70.0833,-141.1,21.7,-15.7,15.19,44.51
20525,F,11,4/6/2011,2011,SB,unknown,unknown,70.1657,-142.6082,19.6,-16.7,16.84,48.34
20753,M,11,4/19/2014,2014,SB,unknown,unknown,,-142.9954,19.9,-17,17.16,49.65
32606,F,11,10/18/2008,2008,SB,unknown,unknown,70.1464,-143.3695,18.9,-18,17.56,51.06
20889,F,11,4/16/2011,2011,SB,unknown,unknown,70.4498,-143.7459,20.7,-17.1,15.72,45.32
21309,F,11,4/12/2012,2012,SB,unknown,unknown,70.0607,-144.3418,20.8,-18.1,14.48,42.11
20449,M,11,4/25/2004,2004,SB,unknown,unknown,70.2857,-144.4104,21.4,-16,15.94,46.71
20424,M,11,5/4/2007,2007,SB,unknown,unknown,70.2054,-144.4843,19.3,-17,12.58,36.48
20580,M,11,4/12/2011,2011,SB,unknown,unknown,70.3379,-145.9041,19.7,-17.6,15.08,44.65
6422,M,11,10/27/1985,1985,SB,unknown,unknown,70.7333,-146.1833,21.7,-15.6,15.65,45.42
20734,M,11,4/14/2013,2013,SB,unknown,unknown,,-146.375,19.3,-17.9,14.33,41.64
1544,F,11,4/9/1984,1984,SB,unknown,unknown,70.6167,-147.0667,21.3,-15.1,15.77,44.99
6201,F,11,10/30/1984,1984,SB,unknown,unknown,70.7667,-147.25,21,-15.9,15.69,45.3
20110,M,11,4/22/2012,2012,SB,unknown,unknown,70.5645,-147.8443,20.8,-16.8,16.02,46.3
21024,F,11,4/12/2014,2014,SB,unknown,unknown,,-149.4403,21.1,-14.7,17.14,49.43
20974,F,11,8/19/2008,2008,SB,unknown,unknown,70.482,-149.9094,20.6,-17.6,15.56,45.26
21015,F,11,4/18/2013,2013,SB,unknown,unknown,,-150.1192,19.4,-17.1,15.79,45.3
20520,F,12,4/4/2012,2012,SB,land,land,70.1412,-143.0452,17.9,-16.9,16.5,47.54
20414,F,12,4/24/2009,2009,SB,land,land,70.4133,-146.7111,20.5,-18.8,15.77,45.2
20414,F,12,8/5/2009,2009,SB,land,land,70.8786,-152.5561,20.3,-17.1,15.44,44.23
20414,F,12,10/10/2009,2009,SB,land,land,70.8849,-152.7989,20.7,-16.9,14.08,41.2
6544,M,12,4/23/1987,1987,CS,NA,NA,70.75,-164.6167,21.6,-14.3,14.96,43.36
21137,F,12,3/16/2010,2010,CS,NA,NA,67.0562,-165.4325,19.8,-15.6,15.3,43.4
21194,F,12,3/16/2011,2011,CS,NA,NA,67.8602,-165.508,20.6,-15.7,14.4,41.7
21197,F,12,4/29/2010,2010,CS,NA,NA,67.545,-165.5524,20.1,-15,15.1,42.7
21530,M,12,4/21/2015,2015,CS,NA,NA,67.017,-166.0845,21.6,-15.4,16.19,47.8
21186,M,12,4/14/2015,2015,CS,NA,NA,67.6715,-166.185,20.8,-15.5,14.77,43.23
21090,M,12,3/17/2010,2010,CS,NA,NA,66.78,-166.25,21,-14.8,14.7,42.8
21515,M,12,4/17/2011,2011,CS,NA,NA,66.5856,-166.2982,20.9,-15,15.5,44.4
21738,M,12,4/15/2017,2017,CS,NA,NA,67.3887,-166.3747,21.2,-15.3,14.03,40.62
21060,F,12,4/10/2008,2008,CS,NA,NA,67.3791,-166.4797,19.4,-15.7,15.7,44.2
21536,M,12,4/12/2016,2016,CS,NA,NA,67.2444,-166.6524,20.6,-15.1,15.58,45.49
21101,F,12,4/6/2009,2009,CS,NA,NA,68.0843,-167.1123,20.9,-15.7,15.8,45.4
21169,M,12,4/4/2010,2010,CS,NA,NA,67.8946,-167.7502,20.5,-14.6,14.7,41.7
6735,F,12,3/11/1988,1988,CS,NA,NA,63.85,-172.1667,20.6,-14.3,14.73,43.36
6157,F,12,4/29/1983,1983,SB,ice,unknown,69.9333,-140.85,21.1,-17,15.35,45.79
20719,F,12,4/17/2004,2004,SB,ice,unknown,70.6107,-146.0913,21.8,-16.6,18.64,52.87
20925,F,12,4/20/2009,2009,SB,ice,unknown,70.6209,-147.7127,20.6,-17,15.86,45.99
20476,F,12,4/22/2004,2004,SB,ice,unknown,70.6682,-147.8536,21.6,-17,14.49,41.91
20901,F,12,4/30/2009,2009,SB,ice,unknown,71.026,-149.4104,21.1,-17.3,17.18,49.41
32366,F,12,4/22/2014,2014,SB,land,unknown,,-144.1053,19,-17.7,14,40.8
22312,F,12,3/26/2016,2016,SB,land,unknown,71.8647,-155.6243,20.2,-18.1,16.5,47.54
32227,F,12,4/7/2012,2012,SB,unknown,unknown,70.7671,-143.2587,19.9,-17.3,16.11,46.31
6439,F,12,11/15/1985,1985,SB,unknown,unknown,70.5667,-143.3333,21.6,-15.8,13.53,39.39
20631,M,12,4/1/2011,2011,SB,unknown,unknown,70.2781,-143.6153,21.5,-16,12.28,36.07
20753,M,12,5/6/2015,2015,SB,unknown,unknown,,-143.8495,20.5,-17,15.01,43.07
20413,F,12,4/24/2009,2009,SB,unknown,unknown,70.286,-146.3747,19,-17.4,15.3,44.17
20838,M,12,4/11/2006,2006,SB,unknown,unknown,70.8719,-146.5117,21.6,-16.8,15.57,45
20539,M,12,4/19/2006,2006,SB,unknown,unknown,70.6309,-146.692,20.3,-16.4,14.01,40.79
6381,F,12,4/2/1985,1985,SB,unknown,unknown,71.3167,-147.1667,22.7,-16,15.05,43
6339,F,12,4/6/1984,1984,SB,unknown,unknown,70.9167,-147.45,21.3,-14.9,15.86,45.5
21015,F,12,4/10/2014,2014,SB,unknown,unknown,,-147.4999,19.2,-17.4,13.47,39.04
6294,F,12,10/30/1983,1983,SB,unknown,unknown,71.15,-149.6667,20.8,-15.3,14.12,41.32
6618,M,12,5/6/1988,1988,SB,unknown,unknown,71.2167,-149.8333,21.9,-15.2,16.91,48.82
20886,M,12,4/16/2008,2008,SB,unknown,unknown,71.0855,-150.799,21.1,-17,14.36,40.9
20414,F,13,4/13/2010,2010,SB,land,land,70.2718,-142.9081,20.9,-16.5,13.23,38.19
21739,F,13,4/16/2017,2017,CS,NA,NA,67.0585,-165.134,20.4,-15.6,15.32,44.47
21197,F,13,3/15/2011,2011,CS,NA,NA,67.545,-165.5524,20.6,-15.2,14.7,42.5
21090,M,13,4/9/2011,2011,CS,NA,NA,67.3477,-165.7415,21.2,-15,15.1,43.4
21186,M,13,4/14/2016,2016,CS,NA,NA,67.513,-166.0492,20.6,-15.5,15.1,44.25
21174,F,13,4/15/2010,2010,CS,NA,NA,67.0222,-166.0706,20.6,-15.5,15,43.4
21083,F,13,3/28/2010,2010,CS,NA,NA,67.6519,-166.5334,20,-15.5,15.1,43.5
21118,M,13,4/21/2009,2009,CS,NA,NA,68.0391,-166.5654,21.6,-15.5,14.3,42.5
6761,F,13,4/1/1988,1988,CS,NA,NA,69.75,-167.05,21.6,-14.8,17.79,51.87
6155,F,13,4/16/1988,1988,SB,ice,unknown,70.0833,-137.2167,21.1,-16.1,16.68,48.61
20910,F,13,5/9/2007,2007,SB,ice,unknown,70.0138,-141.6629,21.4,-17.2,17.27,50.38
6063,F,13,5/15/1985,1985,SB,ice,unknown,71.0667,-147.7,20,-22.2,13.69,40.21
20202,F,13,4/19/2008,2008,SB,ice,unknown,70.6482,-150.7891,20.9,-16.1,15.87,44.87
20726,M,13,4/15/2010,2010,SB,unknown,unknown,70.1523,-141.3177,22.4,-16.2,14.86,42.6
20521,F,13,4/20/2013,2013,SB,unknown,unknown,,-141.3817,20.9,-17.4,13.02,37.86
20580,M,13,4/22/2013,2013,SB,unknown,unknown,,-142.1459,20.8,-17.2,13.27,38.53
21020,M,13,4/17/2009,2009,SB,unknown,unknown,70.7051,-142.2365,21.1,-17.5,15.74,45.49
32227,F,13,4/22/2013,2013,SB,unknown,unknown,,-142.8776,20.2,-17.6,15.04,43.76
20525,F,13,4/17/2013,2013,SB,unknown,unknown,71.0041,-146.448,19.4,-17.1,14.52,41.27
6254,F,13,11/7/1988,1988,SB,unknown,unknown,70.55,-147.1833,21.1,-15.9,15.38,44.36
20710,M,13,4/1/2013,2013,SB,unknown,unknown,70.6717,-147.7431,20.8,-17.2,14.47,42.23
20497,M,13,4/21/2006,2006,SB,unknown,unknown,70.6243,-147.8322,20.8,-17.2,14.84,43.51
6099,F,13,10/26/1983,1983,SB,unknown,unknown,71.05,-148.0333,21.3,-14.8,16.21,47.3
20913,M,13,4/26/2010,2010,SB,unknown,unknown,70.8521,-148.435,21.1,-16.3,15.91,45.74
6375,F,13,4/22/1987,1987,SB,unknown,unknown,70.6333,-149.6167,21.7,-16.1,10.99,32.38
20110,M,13,4/12/2014,2014,SB,unknown,unknown,71.1492,-149.7437,19.2,-16.5,14.5,41.97
6291,F,13,10/28/1983,1983,SB,unknown,unknown,70.8667,-149.7667,21.6,-14.8,17.12,49.91
1504,F,13,3/28/1984,1984,SB,unknown,unknown,71.5333,-155.5333,22.4,-15.2,14.32,41.64
20529,F,14,8/11/2009,2009,SB,land,land,70.8551,-152.4093,20.8,-16.1,16.17,46.43
6712,M,14,4/3/1987,1987,CS,NA,NA,NA,NA,20.3,-14.1,17.64,51.47
6725,F,14,4/22/1987,1987,CS,NA,NA,NA,NA,20.8,-14.3,13.88,40.4
20879,M,14,4/1/2010,2010,CS,NA,NA,67.3432,-164.2303,20.9,-15.2,14.7,43
6751,F,14,3/19/1988,1988,CS,NA,NA,66.8667,-165.7833,21.3,-14.7,16.71,48.6
21602,F,14,3/28/2015,2015,CS,NA,NA,66.9956,-165.8165,20,-15.2,17.28,49.8
21107,M,14,4/15/2009,2009,CS,NA,NA,67.7759,-165.8556,20.6,-14.7,15.7,45.3
20688,F,14,4/15/2009,2009,CS,NA,NA,67.7916,-165.8689,20.7,-15.5,14.8,42.8
21695,M,14,4/19/2016,2016,CS,NA,NA,67.1949,-166.1538,21.1,-15.6,15.41,45.38
21077,M,14,4/26/2008,2008,CS,NA,NA,67.7898,-166.1592,20.7,-15.1,14.8,42.3
21627,F,14,4/15/2015,2015,CS,NA,NA,67.7666,-166.288,21.1,-15.9,16.37,47.48
21083,F,14,4/27/2011,2011,CS,NA,NA,67.2025,-166.7636,20.4,-15.1,14.1,39.9
21705,M,14,3/24/2017,2017,CS,NA,NA,66.9118,-166.7706,20.7,-15.3,14.73,42.96
21696,F,14,4/19/2016,2016,CS,NA,NA,67.395,-166.8241,19.4,-15.1,16.53,47.93
21188,F,14,4/22/2010,2010,CS,NA,NA,67.8414,-166.8412,20.7,-15.7,15.3,43.5
21662,F,14,4/5/2016,2016,CS,NA,NA,67.8209,-167.1943,21.1,-17.1,14.16,41.15
20905,F,14,5/7/2007,2007,SB,ice,unknown,70.1962,-142.1601,20.2,-17.3,15.12,43.7
20442,F,14,5/1/2006,2006,SB,ice,unknown,70.7684,-148.8671,20.4,-17.1,13.67,39.69
2599,M,14,4/30/1983,1983,SB,unknown,unknown,69.8667,-141.0333,21.6,-16.5,14.43,41.69
20571,M,14,4/17/2009,2009,SB,unknown,unknown,70.4621,-141.664,20,-16.6,14.76,42.38
20908,F,14,5/8/2007,2007,SB,unknown,unknown,70.2321,-142.5002,21,-17,15.95,45.94
20818,F,14,4/28/2005,2005,SB,unknown,unknown,70.5534,-142.9287,21.6,-15.8,13.05,38.11
20550,M,14,4/1/2011,2011,SB,unknown,unknown,70.2242,-143.1792,21.7,-16.8,15.09,43.63
20555,M,14,5/7/2007,2007,SB,unknown,unknown,70.3637,-143.7271,20.1,-16.8,15.68,45.35
20556,M,14,4/28/2008,2008,SB,unknown,unknown,70.2179,-144.5386,21.4,-16.4,15.49,44.69
21045,F,14,4/13/2015,2015,SB,unknown,unknown,,-145.1099,19.4,-17.2,12.46,36.26
20424,M,14,4/19/2010,2010,SB,unknown,unknown,70.252,-145.7283,20.3,-16.8,13.47,39.54
20751,M,14,4/22/2012,2012,SB,unknown,unknown,70.5181,-147.4362,20,-16.5,13.99,40.41
6398,F,14,4/28/1985,1985,SB,unknown,unknown,70.3833,-147.6333,21.4,-16.6,13.76,40.25
20112,F,14,5/8/2006,2006,SB,unknown,unknown,70.7826,-149.5062,21.2,-16.7,16.72,48.47
20497,M,14,4/1/2007,2007,SB,unknown,unknown,71.0045,-150.753,20,-17.2,16.56,46.99
6264,F,14,4/16/1988,1988,SB,unknown,unknown,71.15,-152.2667,20.4,-16.5,16.36,47.51
20195,M,14,3/27/2016,2016,SB,unknown,unknown,,-153.316,20.8,-16.8,14.28,41.75
20854,M,14,3/27/2016,2016,SB,unknown,unknown,,-155.4208,20.5,-17.8,13.79,39.98
6312,M,14,3/22/1984,1984,SB,unknown,unknown,71.6667,-156.3333,21.7,-16.1,13.23,38.22
21107,M,15,4/22/2010,2010,CS,NA,NA,67.7816,-165.7911,20.6,-15.3,15.3,44.3
21080,F,15,4/26/2008,2008,CS,NA,NA,67.848,-166.0664,20.2,-16,19.1,54.8
21729,M,15,4/2/2017,2017,CS,NA,NA,67.0124,-166.1543,19.6,-14.8,15.91,45.97
6596,F,15,3/30/1987,1987,CS,NA,NA,66.8333,-167.3667,20.6,-13.9,16.42,47.3
21115,M,15,4/19/2009,2009,CS,NA,NA,68.3465,-168.221,21.8,-15.4,15.8,46.5
21615,F,15,4/11/2015,2015,CS,NA,NA,67.9463,-168.2646,20.3,-15.4,13.91,40.08
21219,F,15,4/2/2011,2011,SB,ice,unknown,70.2243,-141.9394,20.7,-17.5,12.63,36.27
20910,F,15,10/26/2009,2009,SB,ice,unknown,72.2095,-145.955,20.4,-17.3,15.33,44.72
20705,F,15,4/13/2004,2004,SB,ice,unknown,70.8258,-145.9905,21.7,-15.7,16.19,47.2
6201,F,15,4/16/1988,1988,SB,ice,unknown,71.2,-152.9667,21.2,-15.6,12.83,37.48
6375,F,15,4/8/1989,1989,SB,unknown,unknown,69.9667,-138.2667,20.9,-16.6,15.1,43.87
20902,F,15,5/7/2007,2007,SB,unknown,unknown,70.1984,-142.4023,17.9,-18.2,16.39,47.43
20490,M,15,4/29/2008,2008,SB,unknown,unknown,70.1495,-143.0598,20.2,-17.6,16.56,46.92
6307,F,15,11/7/1983,1983,SB,unknown,unknown,70.2333,-143.1833,20.8,-14.7,15.49,44.86
20498,M,15,4/17/2010,2010,SB,unknown,unknown,70.4063,-143.4562,20.3,-16.8,18.16,52.82
6432,M,15,11/5/1985,1985,SB,unknown,unknown,70.35,-143.7333,22.7,-15.2,16.99,49.43
6345,M,15,4/9/1984,1984,SB,unknown,unknown,70.6167,-147.0667,22.1,-16.5,19.12,55.36
20424,M,15,4/24/2011,2011,SB,unknown,unknown,70.422,-147.1861,20.5,-16.3,15.32,44.44
20642,M,15,4/13/2013,2013,SB,unknown,unknown,,-147.3127,21.2,-18.1,15.61,44.8
32362,M,15,4/15/2015,2015,SB,unknown,unknown,,-147.7235,21.8,-16.5,15.06,43.48
1920,F,15,4/1/1989,1989,SB,unknown,unknown,70.6833,-147.7667,21.3,-14.9,14.1,41.41
20185,F,15,4/18/2008,2008,SB,unknown,unknown,70.6796,-148.886,20.5,-16.9,13,37.01
6686,F,15,3/29/1989,1989,SB,unknown,unknown,71.3333,-151.3333,22.3,-15.4,14.85,43.21
6439,F,15,10/30/1988,1988,SB,unknown,unknown,70.9833,-151.7167,21.3,-15.5,15.73,45.48
20449,M,15,4/12/2008,2008,SB,unknown,unknown,71.138,-152.5865,21.2,-15.7,16.84,48.64
20110,M,15,3/21/2016,2016,SB,unknown,unknown,71.4832,-155.63,20.9,-16.3,16.39,48.09
21194,F,16,4/1/2015,2015,CS,NA,NA,67.2399,-164.661,20.7,-15.5,17.4,50.13
21634,F,16,4/17/2015,2015,CS,NA,NA,67.3425,-165.0136,20.4,-15.6,14.91,43.42
21673,F,16,4/9/2016,2016,CS,NA,NA,67.1089,-166.0737,20.6,-15.7,15.27,44.7
21711,F,16,3/26/2017,2017,CS,NA,NA,67.5907,-166.4286,21.3,-16.4,15.37,44.66
21119,M,16,4/28/2009,2009,CS,NA,NA,67.2627,-166.4334,21.5,-15,14.4,42.8
21643,M,16,4/27/2015,2015,CS,NA,NA,67.3944,-166.5131,20.3,-15.6,14.26,41.48
21107,M,16,4/12/2011,2011,CS,NA,NA,67.5304,-166.6238,21.5,-14.6,14.9,42.5
21092,M,16,4/3/2009,2009,CS,NA,NA,67.8367,-166.9271,21,-15,15.8,45.3
21722,F,16,3/30/2017,2017,CS,NA,NA,67.6621,-167.0893,19.9,-15.4,12.69,37.57
21723,M,16,3/30/2017,2017,CS,NA,NA,67.6621,-167.0893,20.7,-15.4,18.97,56
20794,F,16,3/20/2010,2010,CS,NA,NA,68.1083,-167.2171,21,-15.1,13.7,39.4
21105,F,16,4/13/2009,2009,CS,NA,NA,67.6154,-167.5724,20.4,-15.3,16.1,46.8
21670,F,16,4/8/2016,2016,CS,NA,NA,67.4838,-167.6558,20.6,-16.4,15.21,44.74
21104,M,16,4/13/2009,2009,CS,NA,NA,67.4666,-168.123,21,-15.8,15.8,45.4
20905,F,16,10/19/2009,2009,SB,ice,unknown,71.8062,-134.1368,19.6,-17.3,15.56,44.69
21296,F,16,4/11/2012,2012,SB,ice,unknown,70.4143,-143.5357,20.9,-17.8,13.79,39.93
6700,F,16,4/18/2005,2005,SB,ice,unknown,70.8901,-147.8815,21.6,-17,16.21,46.9
20202,F,16,4/16/2011,2011,SB,ice,unknown,71.0703,-157.5484,21,-16.7,15.18,43.41
20193,F,16,4/18/2005,2005,SB,land,unknown,70.4855,-147.576,20.5,-16,14.69,42.5
9433,F,16,4/24/1985,1985,SB,unknown,unknown,70.4167,-142.5,21.3,-16.4,12.98,37.77
20497,M,16,4/13/2009,2009,SB,unknown,unknown,70.1737,-142.5755,19.8,-17.1,15.11,43.99
20449,M,16,4/18/2009,2009,SB,unknown,unknown,70.0949,-144.4981,21.1,-17.1,15.04,44.08
20594,M,16,4/18/2010,2010,SB,unknown,unknown,70.0784,-145.1953,20.7,-17.3,15.53,45.08
21405,M,16,4/23/2016,2016,SB,unknown,unknown,70.8202,-145.4322,19.5,-17.6,15.98,46.09
21402,F,16,4/22/2016,2016,SB,unknown,unknown,70.7202,-146.8342,21.1,-18.2,15.41,44.89
1222,F,16,5/11/1985,1985,SB,unknown,unknown,70.6167,-147.3667,21.9,-16.2,13.83,40.53
32261,M,16,4/9/2014,2014,SB,unknown,unknown,70.8455,-147.4522,20.9,-16.5,16,45.83
1576,M,16,5/6/1984,1984,SB,unknown,unknown,70.7167,-148.1333,21.6,-15.9,15.23,44.03
20642,M,16,4/6/2014,2014,SB,unknown,unknown,,-148.3105,21.4,-17.9,15.81,45.59
20600,F,16,4/26/2010,2010,SB,unknown,unknown,70.7727,-148.5109,21.1,-17.1,12.28,35.39
20853,M,16,2/25/2006,2006,SB,unknown,unknown,70.8855,-148.8846,21.7,-16.4,14.48,42.42
20878,M,16,4/6/2010,2010,SB,unknown,unknown,71.7789,-155.5185,20.6,-16.9,15.52,45.62
21169,M,17,4/16/2015,2015,CS,NA,NA,67.2257,-165.2881,20.1,-15.4,13.71,40.21
21072,M,17,4/23/2008,2008,CS,NA,NA,67.7612,-166.0712,20.5,-15.4,15.5,44.5
21180,F,17,4/6/2016,2016,CS,NA,NA,67.0715,-166.4683,20.6,-15.2,16.45,48.07
21533,M,17,4/27/2011,2011,CS,NA,NA,67.4011,-166.6877,21.3,-15.2,15.3,43.9
21084,F,17,4/29/2008,2008,CS,NA,NA,67.8864,-166.7846,21.3,-15.9,15.5,44.5
21072,M,17,4/28/2009,2009,CS,NA,NA,68.0064,-167.1978,21,-15.5,15,43.8
21313,F,17,2/15/2012,2012,SB,ice,unknown,70.0336,-142.4398,20.8,-17.2,13.65,39.16
22302,F,17,4/16/2015,2015,SB,ice,unknown,,-148.4527,20.6,-17.4,17.38,50.57
6836,F,17,5/4/2006,2006,SB,ice,unknown,70.7124,-149.0668,21.1,-16.4,15.41,43.75
20886,M,17,4/19/2013,2013,SB,unknown,unknown,,-142.276,20.9,-17.1,14.25,41.11
20538,M,17,4/7/2012,2012,SB,unknown,unknown,,-143.4841,19.9,-16.3,14.88,43.57
20718,M,17,4/23/2005,2005,SB,unknown,unknown,70.7782,-146.6561,21.1,-15.9,16.18,47.01
6649,F,17,10/26/1988,1988,SB,unknown,unknown,71.1333,-152.4667,22,-14.4,16.38,46.89
20480,F,17,4/17/2016,2016,SB,unknown,unknown,71.4961,-153.316,20.2,-16.7,15.53,45.12
22313,M,17,3/26/2016,2016,SB,unknown,unknown,71.7132,-154.6385,21.3,-16.2,15.64,46.58
20296,M,17,4/14/2015,2015,SB,unknown,unknown,71.5179,-156.0891,21.3,-16.4,14.09,40.58
11607,M,18,8/18/2009,2009,SB,land,land,70.874,-152.5648,21,-17.8,18.21,53.36
21512,F,18,4/14/2011,2011,CS,NA,NA,66.5983,-165.2702,20.6,-15.3,15.4,44
21064,M,18,4/10/2008,2008,CS,NA,NA,67.0827,-165.3627,21.4,-14.3,15.5,44.5
21489,F,18,3/26/2011,2011,CS,NA,NA,67.682,-165.6878,20.1,-15.2,15.2,44.8
21730,F,18,4/2/2017,2017,CS,NA,NA,66.9965,-166.5012,21.5,-15.8,13.88,40.18
21626,M,18,4/15/2015,2015,CS,NA,NA,67.8305,-166.5066,20.1,-15,13.26,38.73
21604,F,18,3/31/2015,2015,CS,NA,NA,66.9869,-166.5789,20.4,-15.1,14.2,41.09
21148,M,18,3/29/2010,2010,CS,NA,NA,66.6667,-166.6829,19.4,-14.7,15.6,43.9
21731,M,18,4/2/2017,2017,CS,NA,NA,67.6165,-167.1062,21.7,-15.7,13.28,38.69
21071,M,18,4/22/2008,2008,CS,NA,NA,67.9646,-167.2905,21.5,-15.2,15.4,43.3
21169,M,18,4/19/2016,2016,CS,NA,NA,67.8946,-167.7502,20.3,-16.3,15.12,44.1
6736,F,18,3/12/1988,1988,CS,NA,NA,63.7667,-170.2833,22.2,-14.8,15.22,44.41
20886,M,18,4/23/2014,2014,SB,unknown,unknown,,-142.4285,21,-17.1,15.53,44.85
20475,M,18,4/13/2010,2010,SB,unknown,unknown,70.2718,-142.9081,20.7,-16.5,14.94,42.94
2706,F,18,11/6/1988,1988,SB,unknown,unknown,70.2,-143.2667,21.3,-17.1,14.63,42.45
20556,M,18,4/4/2012,2012,SB,unknown,unknown,70.1716,-143.3352,20.9,-16.5,15.89,45.67
20423,F,18,4/11/2014,2014,SB,unknown,unknown,,-146.6761,20.7,-17.8,15.19,44.42
20726,M,18,4/17/2015,2015,SB,unknown,unknown,70.5151,-147.7791,19.9,-16.5,16.94,49.26
20627,M,18,4/17/2008,2008,SB,unknown,unknown,70.5686,-147.9699,21.6,-16.1,15.3,44.4
20849,M,18,4/2/2015,2015,SB,unknown,unknown,71.4755,-156.1897,21.3,-16.3,16.2,47.17
21225,M,18,3/24/2011,2011,SB,unknown,unknown,71.4593,-156.3436,22.2,-16.1,16.4,47.62
6810,F,19,10/17/2008,2008,SB,land,land,70.4757,-147.9483,19.9,-17.1,14.73,42.62
6810,F,19,8/28/2008,2008,SB,land,land,70.5755,-151.8738,21.1,-15.8,13.82,39.93
21597,M,19,3/25/2015,2015,CS,NA,NA,67.8303,-166.1394,21.2,-15,15.9,46.25
21251,F,19,4/8/2011,2011,SB,ice,unknown,70.2601,-144.3226,21.9,-17.4,22.14,63.63
20900,M,19,5/1/2007,2007,SB,unknown,unknown,70.0969,-142.8127,20.9,-16.6,13.28,38.64
20475,M,19,4/1/2011,2011,SB,unknown,unknown,70.2763,-143.6266,20.3,-16.7,15.36,44.46
1222,F,19,10/20/1988,1988,SB,unknown,unknown,70.4333,-146.9833,21.9,-15.7,14.48,42.72
20556,M,19,4/15/2013,2013,SB,unknown,unknown,,-147.1011,20.8,-17.7,15.47,44.64
20482,M,19,4/24/2012,2012,SB,unknown,unknown,70.6974,-147.7187,19.9,-17.3,14.74,42.69
6700,F,19,10/14/2008,2008,SB,unknown,unknown,,-147.9726,20,-17.7,14.86,44.09
21227,M,19,3/25/2011,2011,SB,unknown,unknown,71.4645,-156.1371,22.7,-16.1,14.87,43.52
6810,F,20,10/13/2009,2009,SB,land,land,70.1267,-143.4053,18.6,-16.6,15.8,45.61
21084,F,20,3/24/2011,2011,CS,NA,NA,67.5717,-165.0088,21.3,-16,14.8,42.7
21491,F,20,3/26/2011,2011,CS,NA,NA,67.6608,-165.4019,21.9,-15.9,15,43.8
21056,M,20,4/9/2008,2008,CS,NA,NA,67.0507,-165.7809,20.4,-14.9,14.3,41.3
21666,F,20,4/7/2016,2016,CS,NA,NA,67.2601,-166.1235,20.8,-16.1,13.68,39.93
21184,F,20,4/19/2010,2010,CS,NA,NA,67.0159,-166.239,20.7,-15.1,15.4,43.3
6153,F,20,4/3/1985,1985,SB,ice,unknown,70.3,-143.8667,21.2,-15.4,16.66,47.8
20442,F,20,4/11/2012,2012,SB,unknown,unknown,70.4101,-143.5282,19.8,-16.9,16.17,46.2
6520,F,20,5/4/2006,2006,SB,unknown,unknown,70.6882,-149.4127,20.7,-16.3,14.1,40.94
20473,M,20,4/23/2008,2008,SB,unknown,unknown,71.0456,-151.1875,21.5,-16.4,15.76,45.56
20797,F,21,4/24/2015,2015,CS,NA,NA,67.5425,-164.8772,20.9,-16,15.89,46.2
21630,F,21,4/16/2015,2015,CS,NA,NA,67.1572,-165.6446,20.5,-15.2,11.08,32.3
21100,M,21,4/6/2009,2009,CS,NA,NA,68.0437,-166.3526,19.7,-14.9,16.2,47.3
21599,M,21,3/26/2015,2015,CS,NA,NA,67.9588,-166.4163,19.9,-15.2,15.79,45.51
21678,F,21,4/12/2016,2016,CS,NA,NA,66.5289,-167.5197,20.2,-14.9,15.92,46.05
20792,F,21,4/14/2005,2005,SB,ice,unknown,70.8324,-150.6558,21.6,-16,17.17,49.53
6348,F,21,4/25/2005,2005,SB,unknown,unknown,70.4145,-145.4423,21.1,-16.8,14.13,40.9
6361,F,21,10/28/1988,1988,SB,unknown,unknown,70.6333,-148.7167,21.2,-15.9,13.91,40.33
32220,F,22,4/23/2011,2011,SB,land,land,71.4442,-151.1959,20.7,-16.4,13.25,38.11
21620,F,22,4/13/2015,2015,CS,NA,NA,67.0619,-164.5353,20.3,-15.2,14.51,42.36
21623,M,22,4/14/2015,2015,CS,NA,NA,67.013,-165.4505,20.5,-15.8,14.43,42.42
21112,F,22,4/18/2009,2009,CS,NA,NA,68.7471,-167.3192,20.7,-15.4,15.6,45.4
21163,M,22,4/2/2010,2010,CS,NA,NA,68.0891,-167.6366,21,-16,15.2,43.2
22318,F,22,4/12/2016,2016,SB,land,unknown,70.8836,-146.388,19.6,-17.5,14.45,42.27
6520,F,22,4/12/2008,2008,SB,land,unknown,,-152.2014,20.9,-16.3,13.59,39.45
20562,F,22,10/7/2009,2009,SB,unknown,unknown,70.106,-143.2929,20,-17.8,15.92,46.49
20562,F,22,8/4/2009,2009,SB,unknown,unknown,70.4555,-150.8761,20,-17.8,13.81,40.15
21072,M,23,4/9/2015,2015,CS,NA,NA,67.4316,-166.2317,20.5,-15.2,13.62,39.58
21108,M,23,4/16/2009,2009,CS,NA,NA,68.2555,-166.8212,21.1,-15.2,15.9,46.1
21146,M,23,3/20/2010,2010,CS,NA,NA,68.0781,-167.011,20.7,-14.6,16,45.2
6524,F,23,4/14/2004,2004,SB,ice,unknown,70.7514,-147.3449,21,-16.7,15.13,43.44
20732,M,23,4/23/2004,2004,SB,unknown,unknown,70.9091,-144.6011,22.6,-16.1,14.47,41.98
20850,F,23,4/20/2006,2006,SB,unknown,unknown,70.6221,-147.463,21.1,-16.8,14.62,42.62
20490,M,23,3/29/2016,2016,SB,unknown,unknown,71.4646,-153.9198,20,-16.4,15.84,45.87
20333,F,24,4/30/2008,2008,SB,land,land,70.2022,-144.0123,19.8,-17.5,13.6,39.05
21509,F,24,3/27/2015,2015,CS,NA,NA,66.5983,-165.2702,20.9,-15.2,14.83,42.7
21623,M,24,4/17/2017,2017,CS,NA,NA,67.7411,-166.36,20.3,-15.1,14.61,42.34
21108,M,24,3/30/2010,2010,CS,NA,NA,68.45,-167.42,20.8,-15.6,13.4,39.2
20354,F,24,4/16/2009,2009,SB,ice,unknown,70.7277,-145.3252,20.2,-16.8,16.34,47.51
10105,M,24,4/25/2005,2005,SB,unknown,unknown,70.3151,-142.9651,19.9,-16.7,14.45,42.16
32621,M,24,4/8/2012,2012,SB,unknown,unknown,70.6553,-143.5828,20.3,-17.2,15.42,44.92
20333,F,25,4/19/2009,2009,SB,land,land,70.2029,-144.9327,20,-17.4,15.05,43.44
21706,F,25,3/24/2017,2017,CS,NA,NA,66.927,-165.5213,21.5,-16.2,13.1,38
21072,M,25,3/28/2017,2017,CS,NA,NA,67.7612,-166.0712,21.3,-16.6,15.15,43.84
21719,F,25,3/28/2017,2017,CS,NA,NA,67.3365,-166.6347,20.6,-15.8,18.26,52.67
6593,F,30,3/17/1987,1987,CS,NA,NA,NA,NA,20.1,-14.5,16.51,48.24
32821,F,unknown but had yearlings,4/14/2013,2013,SB,unknown,unknown,,-149.6872,20.9,-17.5,16.6,47.58
20446,F,unknown but had yearlings,9/15/2010,2010,SB,land,land,70.1288,-145.9131,20.3,-17.5,18.06,52.64
20446,F,unknown but had yearlings,10/15/2008,2008,SB,unknown,unknown,70.1806,-145.9773,20.4,-17.4,13.58,39.93
20446,F,unknown but had yearlings,4/25/2006,2006,SB,unknown,unknown,70.7967,-148.9548,19.6,-16.8,15.9,45.79
21382,F,unknown but had yearlings,4/15/2014,2014,SB,ice,unknown,,-151.8997,21.5,-16.3,15.96,45.65
21387,F,unknown but had yearlings,4/21/2014,2014,SB,unknown,unknown,,-143.0607,21.2,-18,12.53,36.05
6717,M,unknown but had yearlings,4/17/1987,1987,CS,NA,NA,NA,NA,21.8,-14.8,15.88,46.38
21709,F,unknown but had yearlings,3/25/2017,2017,CS,NA,NA,66.8041,-165.9209,20.2,-15.7,15.65,45.45
21747,F,unknown but had yearlings,4/20/2017,2017,CS,NA,NA,67.6205,-166.4057,20.9,-15.5,13.82,40
21646,M,unknown but had yearlings,4/29/2015,2015,CS,NA,NA,67.9408,-167.7137,21,-15.5,15.51,45.7
32662,M,unknown but had yearlings,4/18/2009,2009,SB,unknown,unknown,70.1997,-143.8894,20.2,-16.9,15.04,43.8
32698,F,unknown but had yearlings,4/12/2012,2012,SB,unknown,unknown,70.1288,-145.4422,19.5,-17,13.91,40.22
32700,F,unknown but had yearlings,9/15/2010,2010,SB,unknown,unknown,70.0409,-145.4546,19.7,-17.5,13.77,39.91
32698,F,unknown but had yearlings,4/22/2015,2015,SB,unknown,unknown,,-145.5815,20.1,-17.6,15.1,43.3
20713,F,unknown but had yearlings,4/14/2004,2004,SB,unknown,unknown,70.5556,-147.5354,21.3,-16.6,17.23,50.34
21701,F,unknown but had yearlings,4/26/2016,2016,CS,NA,NA,NA,NA,20.6,-15.8,15.66,45.47
